INSERT INTO words(english, welsh, wordType, wordGender) VALUES
('colours', 'lliwiau', 'adjective', 'm'),
('bed', 'gwely', 'noun', 'f'),
('chair', 'cadeirydd', 'noun', 'f'),
('clothes', 'dillad', 'noun', 'f'),
('coat', 'cot', 'noun', 'f'),
('cup', 'cup', 'noun', 'f'),
('desk', 'desg', 'noun', 'f'),
('floor', 'llawr', 'noun', 'f'),
('hat', 'het', 'noun', 'f'),
('ink', 'inc', 'noun', 'f'),
('map', 'map', 'noun', 'f'),
('letter', 'llythyr', 'noun', 'f'),
('lamp', 'lamp', 'noun', 'f'),
('pharmacy', 'fferyllfa', 'noun', 'f'),
('picture', 'gllun', 'noun', 'f'),
('plate', 'plat', 'noun', 'f'),
('roof', 'to', 'noun', 'f'),
('room', 'ystafell', 'noun', 'f'),
('rug', 'mat', 'noun', 'f'),
('shirt', 'crys', 'noun', 'f'),
('socks', 'sanau', 'noun', 'f'),
('son', 'mab', 'noun', 'm'),
('dancer', 'dawnsiwr', 'noun', 'm');


INSERT INTO login(username, password, userType) VALUES
('student1', 'studentpass1', 0),
('student2', 'studentpass2', 0),
('student3', 'studentpass3', 0),
('instructor1', 'instructorpass1', 1),
('instructor2', 'instructorpass2', 1),
('instructor3', 'instructorpass3', 1),
('admin1', 'adminpass1', 2),
('admin2', 'adminpass2', 2),
('admin3', 'adminpass3', 2);

INSERT INTO results(username, quizType, result, outOf, dateTaken) VALUES
('student1', 'e', 5, 20, now() - INTERVAL 1 DAY),
('student1', 'g', 2, 20, now() - INTERVAL 10 DAY),
('student1', 'e', 16, 20, now() + INTERVAL 20 DAY),
('student1', 'w', 2, 10, now() - INTERVAL 5 DAY),
('student1', 'g', 20, 20, now() - INTERVAL 8 DAY),
('student2', 'e', 8, 20, now() - INTERVAL 10 DAY),
('student2', 'g', 9, 15, now() - INTERVAL 1 DAY),
('student2', 'g', 10, 20, now() + INTERVAL 1 DAY),
('student2', 'w', 20, 20, now() - INTERVAL 23 DAY),
('student2', 'e', 15, 30, now() - INTERVAL 5 DAY),
('student3', 'g', 5, 20, now() - INTERVAL 76 DAY),
('student3', 'e', 3, 20, now() + INTERVAL 23 DAY),
('student3', 'e', 15, 20, now() - INTERVAL 10 DAY),
('student3', 'w', 15, 20, now() - INTERVAL 9 DAY),
('student3', 'e', 17, 30, now() - INTERVAL 20 DAY);